3233	1.3.2.06.01.02.999	5.2.02.06.01.0002	LAIN - LAIN PERALATAN STUDIO VIDEO DAN FILM	LAIN - LAIN PERALATAN STUDIO VIDEO DAN FILM	SMKN 1 GARUT	DJI RONIN RS 4 Gimbal Stabilizer		BOS REGULER	2	2025		B	1	9,250,000.00 	9,250,000.00 	9,250,000.00 	0.00 			96,355.00 	8.00 	0.00 	0.00 	0.00 	11.00 	1,059,905.00 	1,059,905.00 	8,190,095.00 	DINAS PENDIDIKAN	SMKN 1 GARUT	KABUPATEN GARUT
3234	1.3.2.06.01.02.045	5.2.02.06.01.0002	Tripod Camera	Tripod Camera	SMKN 1 GARUT	Manfrotto TRIPOD COMPACT LIGHT		BOS REGULER	2	2025		B	2	2,500,000.00 	1,250,000.00 	2,500,000.00 	0.00 			26,042.00 	8.00 	0.00 	0.00 	0.00 	11.00 	286,462.00 	286,462.00 	2,213,538.00 	DINAS PENDIDIKAN	SMKN 1 GARUT	KABUPATEN GARUT
3235	1.3.2.06.01.02.126	5.2.02.06.01.0003	Camera Digital	Camera Digital	SMKN 1 GARUT	CANON EOS R100		BOS REGULER	2	2025		B	1	9,990,000.00 	9,990,000.00 	9,990,000.00 	0.00 			104,063.00 	8.00 	0.00 	0.00 	0.00 	11.00 	1,144,693.00 	1,144,693.00 	8,845,307.00 	DINAS PENDIDIKAN	SMKN 1 GARUT	KABUPATEN GARUT
3236	1.3.2.06.02.01.004	5.2.02.06.02.0001	Telephone Mobile	Telephone Mobile	SMKN 1 GARUT	OPPO A3 NFC 8GB/128GB		BOS REGULER	2	2025		B	1	2,500,000.00 	2,500,000.00 	2,500,000.00 	0.00 			26,042.00 	8.00 	0.00 	0.00 	0.00 	11.00 	286,462.00 	286,462.00 	2,213,538.00 	DINAS PENDIDIKAN	SMKN 1 GARUT	KABUPATEN GARUT
3237	1.3.2.05.01.05.053	5.2.02.10.02.0005	Focusing Screen/Layar LCD Projector	Focusing Screen/Layar LCD Projector	SMKN 1 GARUT	SCREEN PROYECTOR MOTORIZED 84 4 : 3		BOS REGULER	2	2025		B	2	3,000,000.00 	1,500,000.00 	3,000,000.00 	0.00 			62,500.00 	4.00 	0.00 	0.00 	0.00 	11.00 	687,500.00 	687,500.00 	2,312,500.00 	DINAS PENDIDIKAN	SMKN 1 GARUT	KABUPATEN GARUT
3238	1.3.2.08.01.42.999	5.2.02.08.01.0042	LAIN - LAIN ALAT LABORATORIUM ELEKTRONIKA DAN DAYA	LAIN - LAIN ALAT LABORATORIUM ELEKTRONIKA DAN DAYA	SMKN 1 GARUT	Battery Lifepo4 48v 20Ah BMS DALY Battery 48v 60ah		BOS REGULER	2	2025		B	1	3,726,000.00 	3,726,000.00 	3,726,000.00 	0.00 			38,813.00 	8.00 	0.00 	0.00 	0.00 	11.00 	426,943.00 	426,943.00 	3,299,057.00 	DINAS PENDIDIKAN	SMKN 1 GARUT	KABUPATEN GARUT
3285	1.3.2.01.01.10.015	5.2.02.08.03.0014	Hand Palet Truck	Hand Palet Truck	SMKN 1 GARUT	Hand Pallet Manual Pu 68.5x122 Cm 3 Ton		BOS REGULER	3	2025		B	1	6,600,000.00 	6,600,000.00 	6,600,000.00 	0.00 			34,375.00 	16.00 	0.00 	0.00 	0.00 	10.00 	343,750.00 	343,750.00 	6,256,250.00 	DINAS PENDIDIKAN	SMKN 1 GARUT	KABUPATEN GARUT
3286	1.3.2.10.02.04.026	5.2.02.10.02.0004	Acces Point	Acces Point	SMKN 1 GARUT	OLT EPON 4 PON HIOSO HA7304 Include 4 SFP EPON PX		BOS REGULER	3	2025		B	1	4,900,000.00 	4,900,000.00 	4,900,000.00 	0.00 			102,084.00 	4.00 	0.00 	0.00 	0.00 	10.00 	1,020,840.00 	1,020,840.00 	3,879,160.00 	DINAS PENDIDIKAN	SMKN 1 GARUT	KABUPATEN GARUT
3287	1.3.2.10.02.04.026	5.2.02.10.02.0004	Acces Point	Acces Point	SMKN 1 GARUT	RUIJIE REYEE RG-ES209GC-P / 9 Port Gigabit Cloud Managed PoE Switch		BOS REGULER	3	2025		B	2	2,912,000.00 	1,456,000.00 	2,912,000.00 	0.00 			60,668.00 	4.00 	0.00 	0.00 	0.00 	10.00 	606,680.00 	606,680.00 	2,305,320.00 	DINAS PENDIDIKAN	SMKN 1 GARUT	KABUPATEN GARUT
3288	1.3.2.10.02.04.026	5.2.02.10.02.0004	Acces Point	Acces Point	SMKN 1 GARUT	Ruijie RG-RAP2260 Wi-Fi 6 Dual Band Ceiling Mount Access Point		BOS REGULER	3	2025		B	10	16,800,000.00 	1,680,000.00 	16,800,000.00 	0.00 			350,000.00 	4.00 	0.00 	0.00 	0.00 	10.00 	3,500,000.00 	3,500,000.00 	13,300,000.00 	DINAS PENDIDIKAN	SMKN 1 GARUT	KABUPATEN GARUT
3289	1.3.2.10.02.04.026	5.2.02.10.02.0004	Acces Point	Acces Point	SMKN 1 GARUT	ACCESS POINT RG-AP820L V3 + ADAPTOR POE		BOS REGULER	3	2025		B	1	3,200,000.00 	3,200,000.00 	3,200,000.00 	0.00 			66,667.00 	4.00 	0.00 	0.00 	0.00 	10.00 	666,670.00 	666,670.00 	2,533,330.00 	DINAS PENDIDIKAN	SMKN 1 GARUT	KABUPATEN GARUT
3290	1.3.2.05.02.06.038	5.2.02.05.02.0005	Dispenser	Dispenser	SMKN 1 GARUT	DISPENSER LANTAI BAWAH COSMOS CWD 7601		BOS REGULER	3	2025		B	1	2,200,000.00 	2,200,000.00 	2,200,000.00 	0.00 			22,917.00 	8.00 	0.00 	0.00 	0.00 	10.00 	229,170.00 	229,170.00 	1,970,830.00 	DINAS PENDIDIKAN	SMKN 1 GARUT	KABUPATEN GARUT
3291	1.3.2.03.01.06.001	5.2.02.05.01.0005	Mesin Gergaji	Mesin Gergaji	SMKN 1 GARUT	Mesin Pemotong Kayu merk cleo		BOS REGULER	3	2025		B	1	1,500,000.00 	1,500,000.00 	1,500,000.00 	0.00 			31,250.00 	4.00 	0.00 	0.00 	0.00 	10.00 	312,500.00 	312,500.00 	1,187,500.00 	DINAS PENDIDIKAN	SMKN 1 GARUT	KABUPATEN GARUT
3292	1.3.2.05.02.01.033	5.2.02.05.02.0001	Kursi Biasa	Kursi Biasa	SMKN 1 GARUT	Kursi Meja Properti Studio Properti informa		BOS REGULER	3	2025		B	1	3,500,000.00 	3,500,000.00 	3,500,000.00 	0.00 			36,459.00 	8.00 	0.00 	0.00 	0.00 	10.00 	364,590.00 	364,590.00 	3,135,410.00 	DINAS PENDIDIKAN	SMKN 1 GARUT	KABUPATEN GARUT
3293	1.3.2.06.01.02.999	5.2.02.06.01.0002	LAIN - LAIN PERALATAN STUDIO VIDEO DAN FILM	LAIN - LAIN PERALATAN STUDIO VIDEO DAN FILM	SMKN 1 GARUT	Light Stand Lengkap-Godox SL60W LED		BOS REGULER	3	2025		B	1	4,500,000.00 	4,500,000.00 	4,500,000.00 	0.00 			46,875.00 	8.00 	0.00 	0.00 	0.00 	10.00 	468,750.00 	468,750.00 	4,031,250.00 	DINAS PENDIDIKAN	SMKN 1 GARUT	KABUPATEN GARUT
3294	1.3.2.08.01.16.006	5.2.02.08.01.0012	Mikroskop Binokuler	Mikroskop Binokuler	SMKN 1 GARUT	Mikroskop Binokuler Lampu LED		BOS REGULER	3	2025		B	2	9,768,000.00 	4,884,000.00 	9,768,000.00 	0.00 			101,750.00 	8.00 	0.00 	0.00 	0.00 	10.00 	1,017,500.00 	1,017,500.00 	8,750,500.00 	DINAS PENDIDIKAN	SMKN 1 GARUT	KABUPATEN GARUT
3295	1.3.2.06.01.02.126	5.2.02.06.01.0003	Camera Digital	Camera Digital	SMKN 1 GARUT	Kamera DSLR Canon 800D		BOS REGULER	3	2025		B	1	9,990,000.00 	9,990,000.00 	9,990,000.00 	0.00 			104,063.00 	8.00 	0.00 	0.00 	0.00 	10.00 	1,040,630.00 	1,040,630.00 	8,949,370.00 	DINAS PENDIDIKAN	SMKN 1 GARUT	KABUPATEN GARUT
3296	1.3.2.10.02.04.026	5.2.02.10.02.0004	Acces Point	Acces Point	SMKN 1 GARUT	OLT EPON 4 PON HIOSO HA7304 Include 4 SFP EPON PX		BOS REGULER	3	2025		B	1	4,900,000.00 	4,900,000.00 	4,900,000.00 	0.00 			102,084.00 	4.00 	0.00 	0.00 	0.00 	10.00 	1,020,840.00 	1,020,840.00 	3,879,160.00 	DINAS PENDIDIKAN	SMKN 1 GARUT	KABUPATEN GARUT
3297	1.3.2.10.02.04.026	5.2.02.10.02.0004	Acces Point	Acces Point	SMKN 1 GARUT	RUIJIE REYEE RG-ES209GC-P / 9 Port Gigabit Cloud Managed PoE Switch		BOS REGULER	3	2025		B	2	2,912,000.00 	1,456,000.00 	2,912,000.00 	0.00 			60,668.00 	4.00 	0.00 	0.00 	0.00 	10.00 	606,680.00 	606,680.00 	2,305,320.00 	DINAS PENDIDIKAN	SMKN 1 GARUT	KABUPATEN GARUT
3298	1.3.2.10.02.04.026	5.2.02.10.02.0004	Acces Point	Acces Point	SMKN 1 GARUT	Ruijie RG-RAP2260 Wi-Fi 6 Dual Band Ceiling Mount Access Point		BOS REGULER	3	2025		B	10	16,800,000.00 	1,680,000.00 	16,800,000.00 	0.00 			350,000.00 	4.00 	0.00 	0.00 	0.00 	10.00 	3,500,000.00 	3,500,000.00 	13,300,000.00 	DINAS PENDIDIKAN	SMKN 1 GARUT	KABUPATEN GARUT
3299	1.3.2.10.02.03.017	5.2.02.10.02.0001	External/ Portable Hardisk	External/ Portable Hardisk	SMKN 1 GARUT	HARDDISK EXTERNAL 2TB SEAGATE ONETOUCH		BOS REGULER	5	2025		B	2	3,200,000.00 	1,600,000.00 	3,200,000.00 	0.00 	4.00 		66,668.00 	4.00 	0.00 	0.00 	0.00 	8.00 	533,344.00 	533,344.00 	2,666,656.00 	DINAS PENDIDIKAN	SMKN 1 GARUT	KABUPATEN GARUT
3300	1.3.2.05.01.05.010	5.2.02.05.01.0005	Alat Penghancur Kertas	Alat Penghancur Kertas	SMKN 1 GARUT	PAPER SHREDDER KOZURE KS-8722C		BOS REGULER	5	2025		B	1	3,600,000.00 	3,600,000.00 	3,600,000.00 	0.00 	4.00 		75,000.00 	4.00 	0.00 	0.00 	0.00 	8.00 	600,000.00 	600,000.00 	3,000,000.00 	DINAS PENDIDIKAN	SMKN 1 GARUT	KABUPATEN GARUT
3301	1.3.2.10.01.02.001	5.2.02.10.01.0002	P.C Unit	P.C Unit	SMKN 1 GARUT	C ALL IN ONE HP 24-CB1015D CORE I5		BOS REGULER	5	2025		B	1	11,850,000.00 	11,850,000.00 	11,850,000.00 	0.00 	4.00 		246,875.00 	4.00 	0.00 	0.00 	0.00 	8.00 	1,975,000.00 	1,975,000.00 	9,875,000.00 	DINAS PENDIDIKAN	SMKN 1 GARUT	KABUPATEN GARUT
3302	1.3.2.10.01.02.002	5.2.02.10.01.0002	Lap Top	Lap Top	SMKN 1 GARUT	LAPTOP HP 14-DQ5153TU CORE I5		BOS REGULER	5	2025		B	2	17,000,000.00 	8,500,000.00 	17,000,000.00 	0.00 	4.00 		354,168.00 	4.00 	0.00 	0.00 	0.00 	8.00 	2,833,344.00 	2,833,344.00 	14,166,656.00 	DINAS PENDIDIKAN	SMKN 1 GARUT	KABUPATEN GARUT
3303	1.3.2.10.02.03.003	5.2.02.06.01.0004	Printer (Peralatan Personal Komputer)	Printer (Peralatan Personal Komputer)	SMKN 1 GARUT	Printer Epson L3210 All In OnE		BOS REGULER	5	2025		B	1	3,125,000.00 	3,125,000.00 	3,125,000.00 	0.00 	4.00 		65,105.00 	4.00 	0.00 	0.00 	0.00 	8.00 	520,840.00 	520,840.00 	2,604,160.00 	DINAS PENDIDIKAN	SMKN 1 GARUT	KABUPATEN GARUT
3304	1.3.2.10.02.03.003	5.2.02.06.01.0004	Printer (Peralatan Personal Komputer)	Printer (Peralatan Personal Komputer)	SMKN 1 GARUT	Printer Epson L3210 All In One		BOS REGULER	5	2025		B	4	10,400,000.00 	2,600,000.00 	10,400,000.00 	0.00 	4.00 		216,668.00 	4.00 	0.00 	0.00 	0.00 	8.00 	1,733,344.00 	1,733,344.00 	8,666,656.00 	DINAS PENDIDIKAN	SMKN 1 GARUT	KABUPATEN GARUT
3305	1.3.2.05.01.05.043	5.2.02.10.02.0005	LCD Projector/Infocus	LCD Projector/Infocus	SMKN 1 GARUT	royektor ACER XI		BOS REGULER	5	2025		B	3	19,500,000.00 	6,500,000.00 	19,500,000.00 	0.00 	4.00 		406,251.00 	4.00 	0.00 	0.00 	0.00 	8.00 	3,250,008.00 	3,250,008.00 	16,249,992.00 	DINAS PENDIDIKAN	SMKN 1 GARUT	KABUPATEN GARUT
3306	1.3.2.15.03.01.021	5.2.02.05.01.0005	Tandu	Tandu	SMKN 1 GARUT	Tandu Lipat 2		BOS REGULER	5	2025		B	1	1,310,650.00 	1,310,650.00 	1,310,650.00 	0.00 	4.00 		27,306.00 	4.00 	0.00 	0.00 	0.00 	8.00 	218,448.00 	218,448.00 	1,092,202.00 	DINAS PENDIDIKAN	SMKN 1 GARUT	KABUPATEN GARUT
3307	1.3.2.05.01.02.007	5.2.02.05.01.0002	Mesin Penghitung Uang	Mesin Penghitung Uang	SMKN 1 GARUT	MESIN HITUNG UANG IWARE MC88VII		BOS REGULER	5	2025		B	1	2,485,000.00 	2,485,000.00 	2,485,000.00 	0.00 	4.00 		51,771.00 	4.00 	0.00 	0.00 	0.00 	8.00 	414,168.00 	414,168.00 	2,070,832.00 	DINAS PENDIDIKAN	SMKN 1 GARUT	KABUPATEN GARUT
3308	1.3.2.05.01.04.001	5.2.02.05.02.0001	Lemari Besi/Metal	Lemari Besi/Metal	SMKN 1 GARUT	Lemari Besi 2 pintu AA36SW		BOS REGULER	5	2025		B	1	1,985,000.00 	1,985,000.00 	1,985,000.00 	0.00 	4.00 		41,355.00 	4.00 	0.00 	0.00 	0.00 	8.00 	330,840.00 	330,840.00 	1,654,160.00 	DINAS PENDIDIKAN	SMKN 1 GARUT	KABUPATEN GARUT
3309	1.3.2.10.01.02.001	5.2.02.10.01.0002	P.C Unit	P.C Unit	SMKN 1 GARUT	C AIO ThinkCentre Neo 50a 0TiD		BOS REGULER	5	2025		B	3	55,650,000.00 	18,550,000.00 	55,650,000.00 	0.00 	4.00 		1,159,377.00 	4.00 	0.00 	0.00 	0.00 	8.00 	9,275,016.00 	9,275,016.00 	46,374,984.00 	DINAS PENDIDIKAN	SMKN 1 GARUT	KABUPATEN GARUT
3310	1.3.2.10.01.02.001	5.2.02.10.01.0002	P.C Unit	P.C Unit	SMKN 1 GARUT	AIO LENOVO IDEACENTRE 3 22IAP7 16GB 512GB		BOS REGULER	5	2025		B	10	118,350,000.00 	11,835,000.00 	118,350,000.00 	0.00 	4.00 		2,465,630.00 	4.00 	0.00 	0.00 	0.00 	8.00 	19,725,040.00 	19,725,040.00 	98,624,960.00 	DINAS PENDIDIKAN	SMKN 1 GARUT	KABUPATEN GARUT
3311	1.3.2.06.01.02.163	5.2.02.05.01.0005	Camera Conference	Camera Conference	SMKN 1 GARUT	WEBCAM LOGITECH C922 PR		BOS REGULER	6	2025		B	8	14,000,000.00 	1,750,000.00 	14,000,000.00 	0.00 	8.00 		145,840.00 	8.00 	0.00 	0.00 	0.00 	7.00 	1,020,880.00 	1,020,880.00 	12,979,120.00 	DINAS PENDIDIKAN	SMKN 1 GARUT	KABUPATEN GARUT
3312	1.3.2.05.02.06.014	5.2.02.06.01.0002	Microphone	Microphone	SMKN 1 GARUT	BoyaLink All in One Wireless Microphone BANDUN		BOS REGULER	6	2025		B	1	1,750,000.00 	1,750,000.00 	1,750,000.00 	0.00 	8.00 		18,230.00 	8.00 	0.00 	0.00 	0.00 	7.00 	127,610.00 	127,610.00 	1,622,390.00 	DINAS PENDIDIKAN	SMKN 1 GARUT	KABUPATEN GARUT
3313	1.3.2.08.04.05.002	5.2.02.10.02.0005	Uninterupted Power Supply (UPS)	Uninterupted Power Supply (UPS)	SMKN 1 GARUT	UPS APC Easy UPS BVX 1200VA 650W BVX1200LI-MS APC		BOS REGULER	6	2025		B	7	13,755,000.00 	1,965,000.00 	13,755,000.00 	0.00 	8.00 		143,283.00 	8.00 	0.00 	0.00 	0.00 	7.00 	1,002,981.00 	1,002,981.00 	12,752,019.00 	DINAS PENDIDIKAN	SMKN 1 GARUT	KABUPATEN GARUT
3314	1.3.2.05.02.04.006	5.2.02.05.02.0006	Kipas Angin	Kipas Angin	SMKN 1 GARUT	MASPION Kipas Angin Dinding 20 Inch Remote / Power Fan PW 2002RC		BOS REGULER	6	2025		B	6	6,600,000.00 	1,100,000.00 	6,600,000.00 	0.00 	8.00 		68,754.00 	8.00 	0.00 	0.00 	0.00 	7.00 	481,278.00 	481,278.00 	6,118,722.00 	DINAS PENDIDIKAN	SMKN 1 GARUT	KABUPATEN GARUT
3315	1.3.2.03.02.11.999	5.2.02.05.01.0005	LAIN - LAIN PERALATAN UKUR, GIP DAN FEETING	LAIN - LAIN PERALATAN UKUR, GIP DAN FEETING	SMKN 1 GARUT	Krisbow Meteran Laser Digital Compact 100 Mtr B		BOS REGULER	6	2025		B	1	2,175,000.00 	2,175,000.00 	2,175,000.00 	0.00 	4.00 		45,313.00 	4.00 	0.00 	0.00 	0.00 	7.00 	317,191.00 	317,191.00 	1,857,809.00 	DINAS PENDIDIKAN	SMKN 1 GARUT	KABUPATEN GARUT
3316	1.3.2.08.01.16.006	5.2.02.08.01.0012	Mikroskop Binokuler	Mikroskop Binokuler	SMKN 1 GARUT	Mikroskop Binokuler XSZ 107 BN		BOS REGULER	6	2025		B	1	4,978,500.00 	4,978,500.00 	4,978,500.00 	0.00 	8.00 		51,860.00 	8.00 	0.00 	0.00 	0.00 	7.00 	363,020.00 	363,020.00 	4,615,480.00 	DINAS PENDIDIKAN	SMKN 1 GARUT	KABUPATEN GARUT
3317	1.3.2.05.01.05.005	5.2.02.05.02.0001	White Board	White Board	SMKN 1 GARUT	Glassboard Standing Putih 100x150 cm magnetik		BOS REGULER	6	2025		B	2	4,270,000.00 	2,135,000.00 	4,270,000.00 	0.00 	4.00 		88,960.00 	4.00 	0.00 	0.00 	0.00 	7.00 	622,720.00 	622,720.00 	3,647,280.00 	DINAS PENDIDIKAN	SMKN 1 GARUT	KABUPATEN GARUT
3318	1.3.2.08.01.01.009	5.2.02.03.03.0010	Timbangan Elektronik	Timbangan Elektronik	SMKN 1 GARUT	Timbangan Meja Digita		BOS REGULER	6	2025		B	2	2,570,000.00 	1,285,000.00 	2,570,000.00 	0.00 	8.00 		26,772.00 	8.00 	0.00 	0.00 	0.00 	7.00 	187,404.00 	187,404.00 	2,382,596.00 	DINAS PENDIDIKAN	SMKN 1 GARUT	KABUPATEN GARUT
3319	1.3.2.10.01.02.001	5.2.02.10.01.0002	P.C Unit	P.C Unit	SMKN 1 GARUT	IO LENOVO IDEACENTRE 3 22IAP7 16GB 512GB M		BOS REGULER	6	2025		B	3	35,505,000.00 	11,835,000.00 	35,505,000.00 	0.00 	4.00 		739,689.00 	4.00 	0.00 	0.00 	0.00 	7.00 	5,177,823.00 	5,177,823.00 	30,327,177.00 	DINAS PENDIDIKAN	SMKN 1 GARUT	KABUPATEN GARUT
3320	1.3.2.06.03.23.015	5.2.02.10.02.0004	Switcher/Patch Panel	Switcher/Patch Panel	SMKN 1 GARUT	PATCH PANEL 24PORT CAT 6 COMMSCOPE		BOS REGULER	6	2025		B	1	2,100,000.00 	2,100,000.00 	2,100,000.00 	0.00 	8.00 		21,875.00 	8.00 	0.00 	0.00 	0.00 	7.00 	153,125.00 	153,125.00 	1,946,875.00 	DINAS PENDIDIKAN	SMKN 1 GARUT	KABUPATEN GARUT
3321	1.3.2.05.02.01.999	5.2.02.05.02.0001	LAIN - LAIN MEUBELAIR	LAIN - LAIN MEUBELAIR	SMKN 1 GARUT	MEJA KURSI SISWA		BOS REGULER	8	2025		B	120	162,000,000.00 	1,350,000.00 	162,000,000.00 	0.00 	8.00 		1,687,560.00 	8.00 	0.00 	0.00 	0.00 	5.00 	8,437,800.00 	8,437,800.00 	153,562,200.00 	DINAS PENDIDIKAN	SMKN 1 GARUT	KABUPATEN GARUT
3322	1.3.2.05.01.04.003	5.2.02.10.02.0004	Rak Besi	Rak Besi	SMKN 1 GARUT	Wallmount Rack INDORACK Single Door Rack Server 8U 500mm WR5008S		BOS REGULER	8	2025		B	1	1,950,000.00 	1,950,000.00 	1,950,000.00 	0.00 	4.00 		40,625.00 	4.00 	0.00 	0.00 	0.00 	5.00 	203,125.00 	203,125.00 	1,746,875.00 	DINAS PENDIDIKAN	SMKN 1 GARUT	KABUPATEN GARUT
3323	1.3.2.10.02.04.024	5.2.02.10.02.0004	Switch	Switch	SMKN 1 GARUT	HIKVISION DS-3E1518P-EI/M 16 Port Gigabit Smart POE Switch 130W		BOS REGULER	8	2025		B	2	5,700,000.00 	2,850,000.00 	5,700,000.00 	0.00 	4.00 		118,750.00 	4.00 	0.00 	0.00 	0.00 	5.00 	593,750.00 	593,750.00 	5,106,250.00 	DINAS PENDIDIKAN	SMKN 1 GARUT	KABUPATEN GARUT
3324	1.3.2.15.04.01.012	5.2.02.10.02.0004	Voice Recorder	Voice Recorder	SMKN 1 GARUT	NVR IP CAMERA Hikvision DS-7362NXI-K2		BOS REGULER	8	2025		B	1	4,960,000.00 	4,960,000.00 	4,960,000.00 	0.00 	8.00 		51,667.00 	8.00 	0.00 	0.00 	0.00 	5.00 	258,335.00 	258,335.00 	4,701,665.00 	DINAS PENDIDIKAN	SMKN 1 GARUT	KABUPATEN GARUT
3325	1.3.2.10.01.02.002	5.2.02.10.01.0002	Lap Top	Lap Top	SMKN 1 GARUT	LAPTOP ACER ASPIRE 14 -51M.52V6 CORE I5		BOS REGULER	8	2025		B	1	11,775,000.00 	11,775,000.00 	11,775,000.00 	0.00 	4.00 		245,313.00 	4.00 	0.00 	0.00 	0.00 	5.00 	1,226,565.00 	1,226,565.00 	10,548,435.00 	DINAS PENDIDIKAN	SMKN 1 GARUT	KABUPATEN GARUT
3326	1.3.2.05.01.04.027	5.2.02.05.02.0001	Lemari Kaca	Lemari Kaca	SMKN 1 GARUT	LEMARI IMPORTA SC-A8 MS		BOS REGULER	8	2025		B	2	7,400,000.00 	3,700,000.00 	7,400,000.00 	0.00 	4.00 		154,168.00 	4.00 	0.00 	0.00 	0.00 	5.00 	770,840.00 	770,840.00 	6,629,160.00 	DINAS PENDIDIKAN	SMKN 1 GARUT	KABUPATEN GARUT
3327	1.3.2.10.02.03.003	5.2.02.06.01.0004	Printer (Peralatan Personal Komputer)	Printer (Peralatan Personal Komputer)	SMKN 1 GARUT	Printer Epson L3210 All In One		BOS REGULER	8	2025		B	3	7,800,000.00 	2,600,000.00 	7,800,000.00 	0.00 	4.00 		162,501.00 	4.00 	0.00 	0.00 	0.00 	5.00 	812,505.00 	812,505.00 	6,987,495.00 	DINAS PENDIDIKAN	SMKN 1 GARUT	KABUPATEN GARUT
3328	1.3.2.10.02.03.003	5.2.02.10.02.0005	Printer (Peralatan Personal Komputer)	Printer (Peralatan Personal Komputer)	SMKN 1 GARUT	PRINTER EPSON L3250 ALL IN ONE		BOS REGULER	8	2025		B	1	3,125,000.00 	3,125,000.00 	3,125,000.00 	0.00 	4.00 		65,105.00 	4.00 	0.00 	0.00 	0.00 	5.00 	325,525.00 	325,525.00 	2,799,475.00 	DINAS PENDIDIKAN	SMKN 1 GARUT	KABUPATEN GARUT
3329	1.3.2.05.01.04.003	5.2.02.05.02.0001	Rak Besi	Rak Besi	SMKN 1 GARUT	LEMARI BESI ARSIP AA 36 SW		BOS REGULER	8	2025		B	2	4,200,000.00 	2,100,000.00 	4,200,000.00 	0.00 	4.00 		87,500.00 	4.00 	0.00 	0.00 	0.00 	5.00 	437,500.00 	437,500.00 	3,762,500.00 	DINAS PENDIDIKAN	SMKN 1 GARUT	KABUPATEN GARUT
3330	1.3.2.05.02.04.005	5.2.02.05.02.0006	Portable Air Conditioner (Alat Pendingin)	Portable Air Conditioner (Alat Pendingin)	SMKN 1 GARUT	MIDEA AC PORTABLE MPHA-09CRN7 1PK MULTIPLE FUNCTION		BOS REGULER	8	2025		B	1	4,350,000.00 	4,350,000.00 	4,350,000.00 	0.00 	8.00 		45,313.00 	8.00 	0.00 	0.00 	0.00 	5.00 	226,565.00 	226,565.00 	4,123,435.00 	DINAS PENDIDIKAN	SMKN 1 GARUT	KABUPATEN GARUT
3331	1.3.2.05.01.05.002	5.2.02.05.01.0005	CCTV - Camera Control Television System	CCTV - Camera Control Television System	SMKN 1 GARUT	DS-2CD1147G2H-LIU Hikvision Audio IP Cam PoE CCTV 4MP ColorVu		BOS REGULER	8	2025		B	3	4,650,000.00 	1,550,000.00 	4,650,000.00 	0.00 	4.00 		96,876.00 	4.00 	0.00 	0.00 	0.00 	5.00 	484,380.00 	484,380.00 	4,165,620.00 	DINAS PENDIDIKAN	SMKN 1 GARUT	KABUPATEN GARUT
3332	1.3.2.05.01.05.002	5.2.02.05.01.0005	CCTV - Camera Control Television System	CCTV - Camera Control Television System	SMKN 1 GARUT	DS-2CD1047G2H-LIU Hikvision Audio IP Came PoE CCTV 4MP		BOS REGULER	8	2025		B	29	47,850,000.00 	1,650,000.00 	47,850,000.00 	0.00 	4.00 		996,875.00 	4.00 	0.00 	0.00 	0.00 	5.00 	4,984,375.00 	4,984,375.00 	42,865,625.00 	DINAS PENDIDIKAN	SMKN 1 GARUT	KABUPATEN GARUT
3333	1.3.2.08.01.16.006	5.2.02.08.01.0012	Mikroskop Binokuler	Mikroskop Binokuler	SMKN 1 GARUT	Mikroskop Binokuler Corona LED		BOS REGULER	9	2025		B	2	9,200,000.00 	4,600,000.00 	9,200,000.00 	0.00 	8.00 		95,834.00 	8.00 	0.00 	0.00 	0.00 	4.00 	383,336.00 	383,336.00 	8,816,664.00 	DINAS PENDIDIKAN	SMKN 1 GARUT	KABUPATEN GARUT
3334	1.3.2.01.03.06.999	5.2.02.08.01.0042	LAIN - LAIN MESIN BOR	LAIN - LAIN MESIN BOR	SMKN 1 GARUT	BOR CORDLESS IMPACT WRENCH RYU RWC20V		BOS REGULER	9	2025		B	2	3,998,000.00 	1,999,000.00 	3,998,000.00 	0.00 	16.00 		20,824.00 	16.00 	0.00 	0.00 	0.00 	4.00 	83,296.00 	83,296.00 	3,914,704.00 	DINAS PENDIDIKAN	SMKN 1 GARUT	KABUPATEN GARUT
3335	1.3.2.10.02.04.999	5.2.02.10.02.0004	LAIN - LAIN PERALATAN JARINGAN	LAIN - LAIN PERALATAN JARINGAN	SMKN 1 GARUT	CCR2004-16G-2S+ MIKROTIK		BLUD	7	2025		B	1	7,215,000.00 	7,215,000.00 	7,215,000.00 	0.00 	4.00 		150,313.00 	4.00 	0.00 	0.00 	0.00 	6.00 	901,878.00 	901,878.00 	6,313,122.00 	DINAS PENDIDIKAN	SMKN 1 GARUT	KABUPATEN GARUT
3336	1.3.2.05.02.06.002	5.2.05.01.02.0001	Televisi	Televisi	SMKN 1 GARUT	SMART TV SAMSUNG 75 INCH		BOS REGULER	9	2025		B	5	111,250,000.00 	22,250,000.00 	111,250,000.00 	0.00 	8.00 		1,158,855.00 	8.00 	0.00 	0.00 	0.00 	4.00 	4,635,420.00 	4,635,420.00 	106,614,580.00 	DINAS PENDIDIKAN	SMKN 1 GARUT	KABUPATEN GARUT
3337	1.3.2.05.02.06.074	5.2.05.01.02.0001	Bracket Standing Peralatan	Bracket Standing Peralatan	SMKN 1 GARUT	Stan Breket TV/Bracket Standing TV 55 INCH - 80 INCH		BOS REGULER	9	2025		B	5	12,500,000.00 	2,500,000.00 	12,500,000.00 	0.00 	8.00 		130,210.00 	8.00 	0.00 	0.00 	0.00 	4.00 	520,840.00 	520,840.00 	11,979,160.00 	DINAS PENDIDIKAN	SMKN 1 GARUT	KABUPATEN GARUT
3338	1.3.2.10.02.03.999	5.2.02.06.01.0004	LAIN - LAIN PERALATAN PERSONAL KOMPUTER	LAIN - LAIN PERALATAN PERSONAL KOMPUTER	SMKN 1 GARUT	3D PRINTER		BOS REGULER	10	2025		B	1	4,093,000.00 	4,093,000.00 	4,093,000.00 	0.00 	4.00 		85,271.00 	4.00 	0.00 	0.00 	0.00 	3.00 	255,813.00 	255,813.00 	3,837,187.00 	DINAS PENDIDIKAN	SMKN 1 GARUT	KABUPATEN GARUT
3339	1.3.2.10.02.04.001	5.2.02.10.01.0002	Server	Server	SMKN 1 GARUT	SERVER HPE ML30 G11 XEON E - 2434 16GB 1TB HDD P65095 - 371		BOS REGULER	9	2025		B	1	36,500,000.00 	36,500,000.00 	36,500,000.00 	0.00 	4.00 		760,417.00 	4.00 	0.00 	0.00 	0.00 	4.00 	3,041,668.00 	3,041,668.00 	33,458,332.00 	DINAS PENDIDIKAN	SMKN 1 GARUT	KABUPATEN GARUT
3340	1.3.2.05.01.04.003	5.2.02.05.02.0001	Rak Besi	Rak Besi	SMKN 1 GARUT	RAK 4 SUSUN SERBAGUNA BAJA STAINLESS		BOS REGULER	10	2025		B	2	2,510,000.00 	1,255,000.00 	2,510,000.00 	0.00 	4.00 		52,292.00 	4.00 	0.00 	0.00 	0.00 	3.00 	156,876.00 	156,876.00 	2,353,124.00 	DINAS PENDIDIKAN	SMKN 1 GARUT	KABUPATEN GARUT
3341	1.3.2.05.01.04.005	5.2.02.05.02.0001	Filing Cabinet Besi	Filing Cabinet Besi	SMKN 1 GARUT	DRY BOX DRY CABINET ANDBON AD- 80C		BOS REGULER	10	2025		B	1	2,670,000.00 	2,670,000.00 	2,670,000.00 	0.00 	4.00 		55,625.00 	4.00 	0.00 	0.00 	0.00 	3.00 	166,875.00 	166,875.00 	2,503,125.00 	DINAS PENDIDIKAN	SMKN 1 GARUT	KABUPATEN GARUT
3342	1.3.2.10.02.01.009	5.2.02.10.02.0005	Serial Printer	Serial Printer	SMKN 1 GARUT	PRINTER LASER JET DCP L2540DW LASER PRINTER MJA BANDUNG		BOS REGULER	10	2025		B	1	3,900,000.00 	3,900,000.00 	3,900,000.00 	0.00 	4.00 		81,250.00 	4.00 	0.00 	0.00 	0.00 	3.00 	243,750.00 	243,750.00 	3,656,250.00 	DINAS PENDIDIKAN	SMKN 1 GARUT	KABUPATEN GARUT
3343	1.3.2.10.02.01.009	5.2.02.10.02.0005	Serial Printer	Serial Printer	SMKN 1 GARUT	PRINTER EPSON L3210 ALL IN ONE BANDUNG 1		BOS REGULER	9	2025		B	3	7,800,000.00 	2,600,000.00 	7,800,000.00 	0.00 	4.00 		162,501.00 	4.00 	0.00 	0.00 	0.00 	4.00 	650,004.00 	650,004.00 	7,149,996.00 	DINAS PENDIDIKAN	SMKN 1 GARUT	KABUPATEN GARUT
3344	1.3.2.10.02.01.009	5.2.02.10.02.0005	Serial Printer	Serial Printer	SMKN 1 GARUT	PRINTER EPSON L3250 ALL IN ONE BANDUNG 1		BOS REGULER	9	2025		B	1	3,125,000.00 	3,125,000.00 	3,125,000.00 	0.00 	4.00 		65,105.00 	4.00 	0.00 	0.00 	0.00 	4.00 	260,420.00 	260,420.00 	2,864,580.00 	DINAS PENDIDIKAN	SMKN 1 GARUT	KABUPATEN GARUT
3345	1.3.2.05.01.04.001	5.2.02.05.02.0001	Lemari Besi/Metal	Lemari Besi/Metal	SMKN 1 GARUT	LEMARI BESI		BOS REGULER	10	2025		B	1	2,550,000.00 	2,550,000.00 	2,550,000.00 	0.00 	4.00 		53,125.00 	4.00 	0.00 	0.00 	0.00 	3.00 	159,375.00 	159,375.00 	2,390,625.00 	DINAS PENDIDIKAN	SMKN 1 GARUT	KABUPATEN GARUT
3346	1.3.2.05.02.06.057	5.2.02.05.01.0005	Karpet	Karpet	SMKN 1 GARUT	KARPET MESJID		BOS REGULER	10	2025		B	3	10,500,000.00 	3,500,000.00 	10,500,000.00 	0.00 	8.00 		109,377.00 	8.00 	0.00 	0.00 	0.00 	3.00 	328,131.00 	328,131.00 	10,171,869.00 	DINAS PENDIDIKAN	SMKN 1 GARUT	KABUPATEN GARUT
3347	1.3.2.05.01.05.063	5.2.02.05.02.0001	Board Stan	Board Stan	SMKN 1 GARUT	GLASSBOARD STANDING PUTIH 100X150 CM		BOS REGULER	10	2025		B	3	7,035,000.00 	2,345,000.00 	7,035,000.00 	0.00 	4.00 		146,565.00 	4.00 	0.00 	0.00 	0.00 	3.00 	439,695.00 	439,695.00 	6,595,305.00 	DINAS PENDIDIKAN	SMKN 1 GARUT	KABUPATEN GARUT
3348	1.3.2.05.02.04.007	5.2.02.05.02.0006	Exhause Fan	Exhause Fan	SMKN 1 GARUT	KIPAS EKSOS CKE 20 INCH ESN 220V EXHAUST ESN-D20/1-YL		BOS REGULER	10	2025		B	1	1,790,000.00 	1,790,000.00 	1,790,000.00 	0.00 	8.00 		18,646.00 	8.00 	0.00 	0.00 	0.00 	3.00 	55,938.00 	55,938.00 	1,734,062.00 	DINAS PENDIDIKAN	SMKN 1 GARUT	KABUPATEN GARUT
3349	1.3.2.05.01.02.003	5.2.02.05.01.0002	Mesin Hitung Elektronik/Calculator	Mesin Hitung Elektronik/Calculator	SMKN 1 GARUT	KALKULATOR  CASIO FR-2650RC		BOS REGULER	10	2025		B	3	4,050,000.00 	1,350,000.00 	4,050,000.00 	0.00 	4.00 		84,375.00 	4.00 	0.00 	0.00 	0.00 	3.00 	253,125.00 	253,125.00 	3,796,875.00 	DINAS PENDIDIKAN	SMKN 1 GARUT	KABUPATEN GARUT
3350	1.3.2.07.01.11.003	5.2.02.05.01.0005	Bed Pan For Adult 310 mm Complete	Bed Pan For Adult 310 mm Complete	SMKN 1 GARUT	BED PASIEN 2 CRANK ABS		BOS REGULER	10	2025		B	1	6,250,000.00 	6,250,000.00 	6,250,000.00 	0.00 	8.00 		65,105.00 	8.00 	0.00 	0.00 	0.00 	3.00 	195,315.00 	195,315.00 	6,054,685.00 	DINAS PENDIDIKAN	SMKN 1 GARUT	KABUPATEN GARUT
3351	1.3.2.05.01.05.043	5.2.02.10.02.0005	LCD Projector/Infocus	LCD Projector/Infocus	SMKN 1 GARUT	PROYEKTOR ACER 		BOS REGULER	10	2025		B	1	7,700,000.00 	7,700,000.00 	7,700,000.00 	0.00 	4.00 		160,417.00 	4.00 	0.00 	0.00 	0.00 	3.00 	481,251.00 	481,251.00 	7,218,749.00 	DINAS PENDIDIKAN	SMKN 1 GARUT	KABUPATEN GARUT
3352	1.3.2.10.01.02.001	5.2.02.10.01.0002	P.C Unit	P.C Unit	SMKN 1 GARUT	PC AIO LENOVO AIO 3 - 2V1D		BOS REGULER	10	2025		B	2	26,700,000.00 	13,350,000.00 	26,700,000.00 	0.00 	4.00 		556,250.00 	4.00 	0.00 	0.00 	0.00 	3.00 	1,668,750.00 	1,668,750.00 	25,031,250.00 	DINAS PENDIDIKAN	SMKN 1 GARUT	KABUPATEN GARUT
3353	1.3.2.10.02.03.001	5.2.02.10.02.0005	CPU (Peralatan Personal Komputer)	CPU (Peralatan Personal Komputer)	SMKN 1 GARUT	PC RAKITAN AMD RYZEN 7 8700F RAM 16 GB VGA RX9060SSD 512 GB		BOS REGULER	9	2025		B	2	35,600,000.00 	17,800,000.00 	35,600,000.00 	0.00 	4.00 		741,668.00 	4.00 	0.00 	0.00 	0.00 	4.00 	2,966,672.00 	2,966,672.00 	32,633,328.00 	DINAS PENDIDIKAN	SMKN 1 GARUT	KABUPATEN GARUT
3354	1.3.2.10.02.03.002	5.2.02.10.02.0005	Monitor	Monitor	SMKN 1 GARUT	MONITOR SAMSUNG LS24F320GAEXXD ESSENTIAL S32GF BANDUNG		BOS REGULER	9	2025		B	2	3,000,000.00 	1,500,000.00 	3,000,000.00 	0.00 	4.00 		62,500.00 	4.00 	0.00 	0.00 	0.00 	4.00 	250,000.00 	250,000.00 	2,750,000.00 	DINAS PENDIDIKAN	SMKN 1 GARUT	KABUPATEN GARUT
3355	1.3.2.10.02.04.002	5.2.02.10.02.0004	Router	Router	SMKN 1 GARUT	SWITCH HUB RUIJE REYEE EG-ES118GS-PL 16 PORT		BOS REGULER	9	2025		B	2	5,400,000.00 	2,700,000.00 	5,400,000.00 	0.00 	4.00 		112,500.00 	4.00 	0.00 	0.00 	0.00 	4.00 	450,000.00 	450,000.00 	4,950,000.00 	DINAS PENDIDIKAN	SMKN 1 GARUT	KABUPATEN GARUT
3356	1.3.2.10.02.04.999	5.2.02.10.02.0004	LAIN - LAIN PERALATAN JARINGAN	LAIN - LAIN PERALATAN JARINGAN	SMKN 1 GARUT	Ruijie RG-AP820L V3+adaptor POE		BLUD	10	2025		B	1	3,212,118.00 	3,212,118.00 	3,212,118.00 	0.00 	4.00 		66,920.00 	4.00 	0.00 	0.00 	0.00 	3.00 	200,760.00 	200,760.00 	3,011,358.00 	DINAS PENDIDIKAN	SMKN 1 GARUT	KABUPATEN GARUT
3357	1.3.2.10.02.04.024	5.2.02.10.02.0004	Switch	Switch	SMKN 1 GARUT	Switch FO Ruijie Reyee RG-ES210GS-P10		BLUD	10	2025		B	1	2,496,580.00 	2,496,580.00 	2,496,580.00 	0.00 	4.00 		52,013.00 	4.00 	0.00 	0.00 	0.00 	3.00 	156,039.00 	156,039.00 	2,340,541.00 	DINAS PENDIDIKAN	SMKN 1 GARUT	KABUPATEN GARUT
3358	1.3.2.10.02.04.999	5.2.02.10.02.0004	LAIN - LAIN PERALATAN JARINGAN	LAIN - LAIN PERALATAN JARINGAN	SMKN 1 GARUT	Media Conventer TP-link 10/100/1000W		BLUD	10	2025		B	2	3,574,400.00 	1,787,200.00 	3,574,400.00 	0.00 	4.00 		74,468.00 	4.00 	0.00 	0.00 	0.00 	3.00 	223,404.00 	223,404.00 	3,350,996.00 	DINAS PENDIDIKAN	SMKN 1 GARUT	KABUPATEN GARUT
3359	1.3.2.10.02.04.999	5.2.02.10.02.0004	LAIN - LAIN PERALATAN JARINGAN	LAIN - LAIN PERALATAN JARINGAN	SMKN 1 GARUT	Ruijie RG-RAP2260(G) Reyee Wi-Fi 6		BLUD	10	2025		B	10	29,000,000.00 	2,900,000.00 	29,000,000.00 	0.00 	4.00 		604,170.00 	4.00 	0.00 	0.00 	0.00 	3.00 	1,812,510.00 	1,812,510.00 	27,187,490.00 	DINAS PENDIDIKAN	SMKN 1 GARUT	KABUPATEN GARUT
3360	1.3.2.10.02.03.003	5.2.02.10.02.0005	Printer (Peralatan Personal Komputer)	Printer (Peralatan Personal Komputer)	SMKN 1 GARUT	Printer Epson L3210		BLUD	10	2025		B	1	2,830,328.00 	2,830,328.00 	2,830,328.00 	0.00 	4.00 		58,966.00 	4.00 	0.00 	0.00 	0.00 	3.00 	176,898.00 	176,898.00 	2,653,430.00 	DINAS PENDIDIKAN	SMKN 1 GARUT	KABUPATEN GARUT
3361	1.3.2.10.02.03.003	5.2.02.10.02.0005	Printer (Peralatan Personal Komputer)	Printer (Peralatan Personal Komputer)	SMKN 1 GARUT	Printer Epson L3210		BLUD	10	2025		B	1	2,830,327.00 	2,830,327.00 	2,830,327.00 	0.00 	4.00 		58,966.00 	4.00 	0.00 	0.00 	0.00 	3.00 	176,898.00 	176,898.00 	2,653,429.00 	DINAS PENDIDIKAN	SMKN 1 GARUT	KABUPATEN GARUT
3362	1.3.2.05.01.05.078	5.2.02.05.02.0001	Papan Tulis	Papan Tulis	SMKN 1 GARUT	Glassboard Standing Putih 100x150 cm		BOS REGULER	11	2025		B	2	4,690,000.00 	2,345,000.00 	4,690,000.00 	0.00 	4.00 		97,710.00 	4.00 	0.00 	0.00 	0.00 	2.00 	195,420.00 	195,420.00 	4,494,580.00 	DINAS PENDIDIKAN	SMKN 1 GARUT	KABUPATEN GARUT
3363	1.3.2.08.03.16.999	5.2.02.05.02.0001	LAIN - LAIN ALAT PERAGA PRAKTEK SEKOLAH LAINNYA	LAIN - LAIN ALAT PERAGA PRAKTEK SEKOLAH LAINNYA	SMKN 1 GARUT	Bench / Kursi Group Studio Poto		BOS REGULER	11	2025		B	1	8,500,000.00 	8,500,000.00 	8,500,000.00 	0.00 	8.00 		88,542.00 	8.00 	0.00 	0.00 	0.00 	2.00 	177,084.00 	177,084.00 	8,322,916.00 	DINAS PENDIDIKAN	SMKN 1 GARUT	KABUPATEN GARUT
3364	1.3.2.06.01.01.036	5.2.02.06.01.0001	Microphone/Wireless MIC	Microphone/Wireless MIC	SMKN 1 GARUT	Wireless Mic Ashley		BOS REGULER	11	2025		B	1	3,500,000.00 	3,500,000.00 	3,500,000.00 	0.00 	8.00 		36,459.00 	8.00 	0.00 	0.00 	0.00 	2.00 	72,918.00 	72,918.00 	3,427,082.00 	DINAS PENDIDIKAN	SMKN 1 GARUT	KABUPATEN GARUT
3365	1.3.2.05.02.01.032	5.2.02.05.02.0001	Kursi Putar	Kursi Putar	SMKN 1 GARUT	LEXUS		BOS REGULER	11	2025		B	5	8,750,000.00 	1,750,000.00 	8,750,000.00 	0.00 	8.00 		91,150.00 	8.00 	0.00 	0.00 	0.00 	2.00 	182,300.00 	182,300.00 	8,567,700.00 	DINAS PENDIDIKAN	SMKN 1 GARUT	KABUPATEN GARUT
3366	1.3.2.05.01.05.002	5.2.02.10.02.0004	CCTV - Camera Control Television System	CCTV - Camera Control Television System	SMKN 1 GARUT	Hikvision DS-3E1518P-EI/M 16 Port Gigabit Smart POE Switch 130W		BOS REGULER	11	2025		B	1	2,850,000.00 	2,850,000.00 	2,850,000.00 	0.00 	4.00 		59,375.00 	4.00 	0.00 	0.00 	0.00 	2.00 	118,750.00 	118,750.00 	2,731,250.00 	DINAS PENDIDIKAN	SMKN 1 GARUT	KABUPATEN GARUT
3367	1.3.2.10.02.03.017	5.2.02.10.02.0004	External/ Portable Hardisk	External/ Portable Hardisk	SMKN 1 GARUT	Harddisk 8TB CCTV WD Purple		BOS REGULER	11	2025		B	1	4,900,000.00 	4,900,000.00 	4,900,000.00 	0.00 	4.00 		102,084.00 	4.00 	0.00 	0.00 	0.00 	2.00 	204,168.00 	204,168.00 	4,695,832.00 	DINAS PENDIDIKAN	SMKN 1 GARUT	KABUPATEN GARUT
3368	1.3.2.05.01.05.002	5.2.02.05.01.0005	CCTV - Camera Control Television System	CCTV - Camera Control Television System	SMKN 1 GARUT	DS-2CD1047G2H-LIU Hikvision Audio IP Came PoE CCTV 4MP		BOS REGULER	11	2025		B	2	3,500,000.00 	1,750,000.00 	3,500,000.00 	0.00 	4.00 		72,918.00 	4.00 	0.00 	0.00 	0.00 	2.00 	145,836.00 	145,836.00 	3,354,164.00 	DINAS PENDIDIKAN	SMKN 1 GARUT	KABUPATEN GARUT
3369	1.3.2.08.03.05.999	5.2.02.03.03.0010	LAIN - LAIN ALAT PERAGA PRAKTEK SEKOLAH BIDANG STUDI : IPA MENENGAH	LAIN - LAIN ALAT PERAGA PRAKTEK SEKOLAH BIDANG STUDI : IPA MENENGAH	SMKN 1 GARUT	Timbangan Obat/Timbangan Gram/Timbangan Farmasi		BOS REGULER	11	2025		B	5	12,000,000.00 	2,400,000.00 	12,000,000.00 	0.00 	8.00 		125,000.00 	8.00 	0.00 	0.00 	0.00 	2.00 	250,000.00 	250,000.00 	11,750,000.00 	DINAS PENDIDIKAN	SMKN 1 GARUT	KABUPATEN GARUT
3370	1.3.2.10.01.02.001	5.2.02.10.01.0002	P.C Unit	P.C Unit	SMKN 1 GARUT	PC AIO LENOVO IDEACENTRE 24 CORE I5 RAM 8GB		BOS REGULER	11	2025		B	1	12,919,545.00 	12,919,545.00 	12,919,545.00 	0.00 	4.00 		269,158.00 	4.00 	0.00 	0.00 	0.00 	2.00 	538,316.00 	538,316.00 	12,381,229.00 	DINAS PENDIDIKAN	SMKN 1 GARUT	KABUPATEN GARUT
3371	1.3.2.05.01.04.001	5.2.02.05.02.0001	Lemari Besi/Metal	Lemari Besi/Metal	SMKN 1 GARUT	High Cabinet Winnie Fullslide		BLUD	12	2025		B	1	2,190,000.00 	2,190,000.00 	2,190,000.00 	0.00 	4.00 		45,625.00 	4.00 	0.00 	0.00 	0.00 	1.00 	45,625.00 	45,625.00 	2,144,375.00 	DINAS PENDIDIKAN	SMKN 1 GARUT	KABUPATEN GARUT
3372	1.3.2.05.01.04.001	5.2.02.05.02.0001	Lemari Besi/Metal	Lemari Besi/Metal	SMKN 1 GARUT	High Cabinet Winnie Halfslide		BLUD	12	2025		B	1	2,399,000.00 	2,399,000.00 	2,399,000.00 	0.00 	4.00 		49,980.00 	4.00 	0.00 	0.00 	0.00 	1.00 	49,980.00 	49,980.00 	2,349,020.00 	DINAS PENDIDIKAN	SMKN 1 GARUT	KABUPATEN GARUT
3373	1.3.2.05.02.06.074	5.2.05.01.02.0001	Bracket Standing Peralatan	Bracket Standing Peralatan	SMKN 1 GARUT	Bracket Standing Tv 55 - 80		BOS REGULER	11	2025		B	1	1,780,000.00 	1,780,000.00 	1,780,000.00 	0.00 	8.00 		18,542.00 	8.00 	0.00 	0.00 	0.00 	2.00 	37,084.00 	37,084.00 	1,742,916.00 	DINAS PENDIDIKAN	SMKN 1 GARUT	KABUPATEN GARUT
3374	1.3.2.05.02.06.002	5.2.05.01.02.0001	Televisi	Televisi	SMKN 1 GARUT	TV Samsung 55 55DU7000		BOS REGULER	11	2025		B	1	11,950,000.00 	11,950,000.00 	11,950,000.00 	0.00 	8.00 		124,480.00 	8.00 	0.00 	0.00 	0.00 	2.00 	248,960.00 	248,960.00 	11,701,040.00 	DINAS PENDIDIKAN	SMKN 1 GARUT	KABUPATEN GARUT
3375	1.3.2.05.02.01.048	5.2.02.08.03.0014	Sofa	Sofa	SMKN 1 GARUT	Sofa Podcast-Dimensi: 69 cm x 71 cm x 75 cm 		DAK	12	2025		B	2	9,501,600.00 	4,750,800.00 	9,501,600.00 	0.00 	8.00 		98,976.00 	8.00 	0.00 	0.00 	0.00 	1.00 	98,976.00 	98,976.00 	9,402,624.00 	DINAS PENDIDIKAN	SMKN 1 GARUT	KABUPATEN GARUT
3376	1.3.2.06.01.02.157	5.2.02.08.03.0014	Clipp On	Clipp On	SMKN 1 GARUT	Clip On-Jangkauan Wireless Hingga 100m 		DAK	12	2025		B	2	8,391,600.00 	4,195,800.00 	8,391,600.00 	0.00 	8.00 		87,414.00 	8.00 	0.00 	0.00 	0.00 	1.00 	87,414.00 	87,414.00 	8,304,186.00 	DINAS PENDIDIKAN	SMKN 1 GARUT	KABUPATEN GARUT
3377	1.3.2.10.01.02.002	5.2.02.08.03.0014	Lap Top	Lap Top	SMKN 1 GARUT	ACER TRAVELMATE P214 CORE-I5 (TMP214/0041) ACER		DAK	12	2025		B	2	36,425,760.00 	18,212,880.00 	36,425,760.00 	0.00 	4.00 		758,870.00 	4.00 	0.00 	0.00 	0.00 	1.00 	758,870.00 	758,870.00 	35,666,890.00 	DINAS PENDIDIKAN	SMKN 1 GARUT	KABUPATEN GARUT
3378	1.3.2.10.01.02.001	5.2.02.08.03.0014	P.C Unit	P.C Unit	SMKN 1 GARUT	ACER Veriton X - Core i3 (VX/0041) Acer		DAK	12	2025		B	36	554,445,000.00 	15,401,250.00 	554,445,000.00 	0.00 	4.00 		11,550,960.00 	4.00 	0.00 	0.00 	0.00 	1.00 	11,550,960.00 	11,550,960.00 	542,894,040.00 	DINAS PENDIDIKAN	SMKN 1 GARUT	KABUPATEN GARUT
3379	1.3.2.09.02.01.011	5.2.02.08.03.0014	Target Drone (Simulasi Pesawat Sasaran Tembak Udara)	Target Drone (Simulasi Pesawat Sasaran Tembak Udara)	SMKN 1 GARUT	dji Drone Mavic 3 Enterprise DJI		DAK	12	2025		B	1	54,061,440.00 	54,061,440.00 	54,061,440.00 	0.00 	4.00 		1,126,280.00 	4.00 	0.00 	0.00 	0.00 	1.00 	1,126,280.00 	1,126,280.00 	52,935,160.00 	DINAS PENDIDIKAN	SMKN 1 GARUT	KABUPATEN GARUT
3380	1.3.2.05.01.05.043	5.2.02.08.03.0014	LCD Projector/Infocus	LCD Projector/Infocus	SMKN 1 GARUT	EPSON EB-FH52 Epson		DAK	12	2025		B	1	14,251,290.00 	14,251,290.00 	14,251,290.00 	0.00 	4.00 		296,902.00 	4.00 	0.00 	0.00 	0.00 	1.00 	296,902.00 	296,902.00 	13,954,388.00 	DINAS PENDIDIKAN	SMKN 1 GARUT	KABUPATEN GARUT
3381	1.3.2.10.02.03.003	5.2.02.08.03.0014	Printer (Peralatan Personal Komputer)	Printer (Peralatan Personal Komputer)	SMKN 1 GARUT	HP Printer OfficeJet 200 [CZ993A] HP		DAK	12	2025		B	4	18,559,200.00 	4,639,800.00 	18,559,200.00 	0.00 	4.00 		386,652.00 	4.00 	0.00 	0.00 	0.00 	1.00 	386,652.00 	386,652.00 	18,172,548.00 	DINAS PENDIDIKAN	SMKN 1 GARUT	KABUPATEN GARUT
3382	1.3.2.05.01.05.053	5.2.02.08.03.0014	Focusing Screen/Layar LCD Projector	Focusing Screen/Layar LCD Projector	SMKN 1 GARUT	LAYAR PROYEKSI MOTORIZED MR-2121 BRITE		DAK	12	2025		B	1	3,981,570.00 	3,981,570.00 	3,981,570.00 	0.00 	4.00 		82,950.00 	4.00 	0.00 	0.00 	0.00 	1.00 	82,950.00 	82,950.00 	3,898,620.00 	DINAS PENDIDIKAN	SMKN 1 GARUT	KABUPATEN GARUT
3383	1.3.2.05.02.01.023	5.2.02.05.02.0001	Meja Sekolah	Meja Sekolah	SMKN 1 GARUT	Vivente		APBD	12	2025		B	72	79,200,720.00 	1,100,010.00 	79,200,720.00 	0.00 	8.00 		825,048.00 	8.00 	0.00 	0.00 	0.00 	1.00 	825,048.00 	825,048.00 	78,375,672.00 	DINAS PENDIDIKAN	SMKN 1 GARUT	KABUPATEN GARUT
